ID,WijkenEnBuurten,Gemeentenaam_1,SoortRegio_2,Codering_3,IndelingswijzigingWijkenEnBuurten_4,AantalInwoners_5,Mannen_6,Vrouwen_7,k_0Tot15Jaar_8,k_15Tot25Jaar_9,k_25Tot45Jaar_10,k_45Tot65Jaar_11,k_65JaarOfOuder_12,Ongehuwd_13,Gehuwd_14,Gescheiden_15,Verweduwd_16,WestersTotaal_17,NietWestersTotaal_18,Marokko_19,NederlandseAntillenEnAruba_20,Suriname_21,Turkije_22,OverigNietWesters_23,GeboorteTotaal_24,GeboorteRelatief_25,SterfteTotaal_26,SterfteRelatief_27,HuishoudensTotaal_28,Eenpersoonshuishoudens_29,HuishoudensZonderKinderen_30,HuishoudensMetKinderen_31,GemiddeldeHuishoudensgrootte_32,Bevolkingsdichtheid_33,Woningvoorraad_34,GemiddeldeWoningwaarde_35,PercentageEengezinswoning_36,PercentageMeergezinswoning_37,PercentageBewoond_38,PercentageOnbewoond_39,Koopwoningen_40,HuurwoningenTotaal_41,InBezitWoningcorporatie_42,InBezitOverigeVerhuurders_43,EigendomOnbekend_44,BouwjaarVoor2000_45,BouwjaarVanaf2000_46,GemiddeldElektriciteitsverbruikTotaal_47,Appartement_48,Tussenwoning_49,Hoekwoning_50,TweeOnderEenKapWoning_51,VrijstaandeWoning_52,Huurwoning_53,EigenWoning_54,GemiddeldAardgasverbruikTotaal_55,Appartement_56,Tussenwoning_57,Hoekwoning_58,TweeOnderEenKapWoning_59,VrijstaandeWoning_60,Huurwoning_61,EigenWoning_62,PercentageWoningenMetStadsverwarming_63,AantalInkomensontvangers_64,GemiddeldInkomenPerInkomensontvanger_65,GemiddeldInkomenPerInwoner_66,k_40PersonenMetLaagsteInkomen_67,k_20PersonenMetHoogsteInkomen_68,Actieven1575Jaar_69,k_40HuishoudensMetLaagsteInkomen_70,k_20HuishoudensMetHoogsteInkomen_71,HuishoudensMetEenLaagInkomen_72,HuishOnderOfRondSociaalMinimum_73,PersonenPerSoortUitkeringBijstand_74,PersonenPerSoortUitkeringAO_75,PersonenPerSoortUitkeringWW_76,PersonenPerSoortUitkeringAOW_77,BedrijfsvestigingenTotaal_78,ALandbouwBosbouwEnVisserij_79,BFNijverheidEnEnergie_80,GIHandelEnHoreca_81,HJVervoerInformatieEnCommunicatie_82,KLFinancieleDienstenOnroerendGoed_83,MNZakelijkeDienstverlening_84,RUCultuurRecreatieOverigeDiensten_85,PersonenautoSTotaal_86,PersonenautoSJongerDan6Jaar_87,PersonenautoS6JaarEnOuder_88,PersonenautoSBrandstofBenzine_89,PersonenautoSOverigeBrandstof_90,PersonenautoSPerHuishouden_91,PersonenautoSNaarOppervlakte_92,Motorfietsen_93,AfstandTotHuisartsenpraktijk_94,AfstandTotGroteSupermarkt_95,AfstandTotKinderdagverblijf_96,AfstandTotSchool_97,ScholenBinnen3Km_98,OppervlakteTotaal_99,OppervlakteLand_100,OppervlakteWater_101,MeestVoorkomendePostcode_102,Dekkingspercentage_103,MateVanStedelijkheid_104,Omgevingsadressendichtheid_105,TotaalDiefstalUitWoningSchuurED_106,VernielingMisdrijfTegenOpenbareOrde_107,GeweldsEnSeksueleMisdrijven_108
12312,GM0599    ,Rotterdam                               ,Gemeente  ,GM0599    ,.,634660,312781,321879,103435,85405,192900,156875,96045,356353,188523,62086,27698,78789,240571,43555,24362,52579,47772,72303,7714,12,5608,8,319780,153325,72048,94407,2,2943,309693,153,25,75,94,6,35,64,44,20,1,89,11,2410,2090,3090,3240,4010,4960,2100,2910,840,740,1020,1260,1700,2560,800,970,17.3,487600,29.9,23.7,45,18,55.4,53.8,13.3,14.8,14.4,41650,26020,13780,91320,54670,330,7075,11695,6185,4755,16380,8245,219145,66495,152655,182280,36870,0.7,1016,12280,0.6,0.5,0.4,0.5,23.1,32416,21564,10852,         .,       .,1,3932,5,6,9
12313,WK059901  ,Rotterdam                               ,Wijk      ,WK059901  ,1,33995,17670,16325,3170,5425,14195,7015,4195,22820,7340,2960,885,6050,12630,2045,1170,2550,1625,5230,430,12,190,5,20530,12430,4970,3135,1.6,8207,18935,183,1,99,91,9,30,69,30,39,1,83,17,2100,2040,3440,2610,       .,       .,1930,2260,250,280,890,410,       .,510,320,230,61,27400,37.3,32.1,38.9,28.3,61.2,51.6,15.7,12.6,12.7,1900,1050,620,3970,7950,10,340,1935,800,935,2915,1015,13480,6840,6635,9880,3600,0.7,3253,640,0.5,0.3,0.3,0.5,39.8,488,414,74,         .,       .,1,6110,4,12,29
12314,BU05990110,Rotterdam                               ,Buurt     ,BU05990110,1,15615,8175,7435,1240,2225,7375,3020,1755,10790,3280,1185,365,3115,4175,380,470,840,400,2080,230,14,55,3,9825,6075,2605,1150,1.5,11495,9165,195,0,100,92,8,36,63,18,46,1,74,26,2090,2050,2080,1680,       .,       .,1960,2190,80,90,       .,       .,       .,       .,80,110,82.2,12700,42.5,37.4,29.9,36,67.9,44.5,18.5,7.8,7.6,520,400,290,1670,3555,5,145,790,365,405,1480,365,6440,3280,3160,4215,2225,0.7,4740,390,0.5,0.3,0.4,0.7,39.3,173,136,37,3011,1,1,6287,4,11,19
12315,BU05990111,Rotterdam                               ,Buurt     ,BU05990111,1,9435,4790,4640,1290,1490,2955,2360,1340,5850,2215,1100,275,1180,5475,1305,270,1160,980,1760,80,8,85,9,5025,2750,965,1320,1.8,16660,4561,136,2,98,95,5,18,79,60,19,3,98,2,2050,2010,3350,       .,       .,       .,1940,2420,930,910,1500,       .,       .,       .,910,980,       .,7400,25.4,20.7,56.7,13.1,47.9,65.3,8.8,24.2,24.9,1090,440,160,1260,1075,0,75,295,80,65,305,255,2135,560,1570,1670,465,0.4,3766,105,0.3,0.3,0.2,0.3,42.8,57,57,0,3014,2,1,6290,4,6,13
12316,BU05990112,Rotterdam                               ,Buurt     ,BU05990112,1,5660,2915,2740,435,895,2595,1020,715,3915,1065,510,175,1075,2115,335,215,410,210,945,85,15,35,6,3470,2190,815,475,1.5,9281,3341,169,1,99,86,14,22,77,27,49,1,85,15,1900,1900,4080,       .,       .,       .,1870,2020,150,150,330,       .,       .,       .,170,180,73.6,4500,36.7,32.2,35.6,29.6,66.4,51.2,14.5,11.7,12.5,260,160,110,680,1630,0,55,580,165,145,455,235,1615,630,985,1220,395,0.5,2646,75,0.7,0.2,0.3,0.5,41.4,61,61,0,3012,1,1,6186,4,21,65
12317,BU05990113,Rotterdam                               ,Buurt     ,BU05990113,1,950,540,410,70,155,440,195,100,610,270,60,20,225,345,5,45,50,15,225,10,10,5,5,610,365,175,80,1.6,2340,562,180,0,100,90,10,48,52,1,51,0,100,0,1950,1950,       .,       .,       .,       .,1830,2060,       .,       .,       .,       .,       .,       .,       .,       .,99.6,800,47.1,40.6,26.1,36.8,68.1,37.8,19,4,3.8,0,30,20,90,645,0,20,80,105,85,285,65,570,370,200,335,235,0.9,1396,25,0.8,0.6,0.4,0.7,41.8,41,41,0,3013,1,1,6947,4,28,140
12318,BU05990118,Rotterdam                               ,Buurt     ,BU05990118,1,1640,890,745,100,445,485,370,245,1080,425,95,45,355,245,10,60,40,15,115,10,7,5,4,1085,680,320,90,1.5,2347,873,402,4,96,85,15,49,47,9,38,4,78,22,3300,2780,5240,       .,       .,       .,2500,3000,90,120,620,       .,       .,690,310,150,59.2,1400,52,46,41,35,51.3,51.4,27.7,6.9,6.1,20,20,20,230,870,0,45,160,65,215,325,60,880,445,435,640,240,0.8,1259,30,0.5,0.5,0.4,0.9,22.5,104,70,34,3016,1,1,3350,3,5,12
12319,BU05990119,Rotterdam                               ,Buurt     ,BU05990119,1,690,345,340,35,215,350,55,40,580,85,20,10,90,270,5,110,45,10,95,0,4,0,0,505,385,100,30,1.4,1377,433,130,3,97,93,7,14,85,58,28,0,83,17,1940,1810,       .,       .,       .,       .,1480,2840,80,210,130,       .,       .,       .,60,570,31.2,600,29.4,26.6,47.7,17.4,57.1,71.3,9,8.9,7.3,10,10,10,40,175,0,5,30,15,25,70,30,1840,1555,285,1800,45,       .,       .,15,0.6,0.6,0.5,0.7,31.9,52,50,2,3015,1,1,5236,1,30,52
12320,WK059903  ,Rotterdam                               ,Wijk      ,WK059903  ,1,75835,38675,37160,12785,12475,26100,17445,7030,48145,18535,7475,1690,10185,42535,9820,2605,7575,9945,12590,895,11,350,4,38650,19930,7460,11270,1.9,14712,34782,125,4,96,95,5,28,71,48,23,2,90,10,2180,2120,3160,2560,3710,       .,2030,2460,920,910,1470,1490,       .,       .,920,950,6.3,57600,25.2,19.7,52.1,13.1,52.8,61.6,9.2,20.3,19.3,6780,3160,1700,6600,6500,45,705,1135,740,320,2130,1420,18730,3345,15385,15305,3425,0.5,3634,940,0.3,0.4,0.3,0.3,32,596,516,81,         .,       .,1,5493,4,7,9
12321,BU05990320,Rotterdam                               ,Buurt     ,BU05990320,1,6995,3670,3325,905,1405,2785,1400,505,5120,1045,725,110,985,3275,540,580,665,430,1055,65,9,25,3,3890,2270,820,810,1.7,16337,3295,113,2,98,96,4,19,77,55,22,5,96,4,2100,2030,2800,2210,       .,       .,1990,2170,940,930,1500,1680,       .,       .,980,880,       .,5300,24.5,20,52.6,12.3,52.4,67.7,6.6,19.5,18.3,670,250,170,480,685,0,50,100,85,40,235,170,1590,275,1315,1355,235,0.4,3717,130,0.5,0.5,0.3,0.4,28,55,43,12,3024,1,1,4803,3,9,11
12322,BU05990321,Rotterdam                               ,Buurt     ,BU05990321,1,7025,3595,3430,1285,1170,2020,1820,730,4130,2015,705,180,710,4925,1275,195,775,1440,1240,85,12,25,4,3350,1630,535,1195,2.1,20598,3203,110,8,92,95,5,17,82,64,18,1,86,14,2150,2080,3050,2430,       .,       .,2040,2660,990,970,1110,1460,       .,       .,970,1040,       .,5300,21.2,16.1,59.5,7.9,43.6,67.8,7.2,27.6,25.2,870,410,150,680,410,10,60,90,35,20,115,80,1530,250,1280,1245,285,0.5,4482,80,0.4,0.3,0.2,0.2,27.8,34,34,0,3025,1,1,5349,7,7,9
12323,BU05990322,Rotterdam                               ,Buurt     ,BU05990322,1,7130,3625,3500,1230,1115,2295,1655,835,4320,1765,810,240,930,4680,1255,210,735,1235,1240,80,11,50,7,3665,1965,635,1075,1.9,19350,3420,98,1,99,94,6,12,85,61,24,3,91,9,2010,2000,2960,       .,       .,       .,1970,2340,960,960,1370,       .,       .,       .,950,1060,       .,5400,20.8,16.1,60.8,7.1,45.4,71.1,5,26.9,27.3,840,400,160,780,625,5,90,140,70,25,170,130,1590,185,1405,1255,340,0.4,4318,45,0.3,0.4,0.2,0.2,30,40,37,3,3026,1,1,6246,6,9,9
12324,BU05990323,Rotterdam                               ,Buurt     ,BU05990323,1,10190,5130,5055,2070,1755,3290,2330,750,6135,2895,975,190,955,7325,1920,330,1150,2025,1890,150,14,30,3,4525,1955,785,1795,2.2,16926,4219,108,3,97,95,5,28,71,60,11,0,88,12,2170,2130,3070,2020,       .,       .,2050,2430,1010,1000,1370,1490,       .,       .,1030,970,       .,7500,22.8,17,54.6,10.2,51,57.5,8.5,20.3,18.8,960,450,250,710,540,10,70,100,80,20,155,115,2530,445,2080,2010,520,0.6,4198,100,0.3,0.4,0.2,0.3,29.2,65,60,5,3027,1,1,4681,5,8,11
12325,BU05990324,Rotterdam                               ,Buurt     ,BU05990324,1,19465,9910,9555,3365,3415,6450,4505,1735,12580,4780,1740,375,2360,10885,2850,550,1835,2580,3075,215,11,100,5,9730,4940,1850,2945,2,15718,8436,139,3,97,95,5,26,72,47,25,1,91,9,2290,2220,3270,3040,       .,       .,2080,2680,1060,1030,1650,1970,       .,       .,1000,1160,       .,14800,25,19.4,53.8,13.6,51.8,61.6,10.3,21.6,20.1,1750,760,410,1630,1820,5,175,290,180,75,655,435,4610,820,3790,3715,895,0.5,3721,230,0.3,0.3,0.3,0.3,36.1,124,124,0,3022,5,1,6622,3,5,7
12326,BU05990325,Rotterdam                               ,Buurt     ,BU05990325,1,12030,6090,5935,1705,2115,4510,2725,975,8190,2590,1035,220,1900,5165,805,295,1070,1020,1970,135,11,45,3,6615,3795,1335,1500,1.8,17679,5571,154,6,94,93,7,33,65,34,30,2,96,4,2280,2170,3820,4030,       .,       .,2080,2570,1080,1010,2040,2250,       .,       .,1000,1180,       .,9400,29.6,24.1,46.7,19.2,59.1,58.8,12.7,16.5,16.3,800,410,220,920,1430,5,105,270,135,65,495,350,2875,540,2335,2385,495,0.4,4226,155,0.3,0.3,0.2,0.4,40.2,68,68,0,3021,1,1,6756,4,5,10
12327,BU05990327,Rotterdam                               ,Buurt     ,BU05990327,1,7125,3745,3375,1100,960,2785,1505,775,4465,1635,830,205,1710,3100,390,230,710,545,1215,85,12,45,6,4020,2235,820,975,1.8,8516,3807,85,1,99,94,6,41,58,20,39,0,98,2,1960,1950,2670,2480,       .,       .,1850,2100,900,900,1220,940,       .,       .,870,940,       .,5600,24,19.2,45.5,8.5,60.5,62.7,4.1,14.7,14.4,430,250,230,740,380,15,110,55,45,15,75,65,2105,315,1785,1800,300,0.5,2513,115,0.4,0.3,0.3,0.4,28.5,84,84,0,3028,1,1,3592,5,9,8
12328,BU05990328,Rotterdam                               ,Buurt     ,BU05990328,1,590,280,305,110,70,145,185,80,290,230,50,25,45,320,85,5,55,105,65,0,6,0,6,245,85,45,125,2.4,13628,236,146,96,4,100,0,30,70,70,0,0,100,0,2300,1700,2400,2170,       .,       .,2030,2950,1150,1010,1100,1300,       .,       .,1150,1160,       .,400,21.8,16.4,55.6,8.7,45.5,56.5,6.1,17.2,18,50,40,10,70,15,       .,       .,       .,       .,       .,       .,       .,155,30,125,135,25,0.6,3626,5,0.9,0.7,0.4,0.5,25.9,4,4,0,3028,1,1,3633,3,2,3
12329,BU05990329,Rotterdam                               ,Buurt     ,BU05990329,1,5275,2610,2660,1015,465,1825,1325,650,2925,1595,615,150,590,2855,690,200,570,555,835,70,13,15,3,2590,1070,655,870,2,8571,2595,172,1,99,96,4,41,59,50,9,0,61,39,2300,2230,3080,       .,       .,       .,2100,2470,160,170,       .,       .,       .,       .,260,       .,81.4,4000,34.6,26.5,41.3,25.1,58.2,44.9,19,16,15.5,420,200,110,600,595,0,40,85,110,60,230,70,1745,480,1270,1410,335,0.7,2836,85,0.4,0.3,0.5,0.5,23.1,122,62,61,3029,5,1,3167,2,6,8
12330,WK059904  ,Rotterdam                               ,Wijk      ,WK059904  ,1,17620,8815,8805,3335,1665,5120,4530,2970,8960,6225,1565,875,1720,4850,1140,325,1135,920,1325,260,14,180,10,8225,3385,1960,2885,2.1,1166,8175,170,38,62,95,5,48,50,40,10,2,88,12,2600,2060,3070,3240,4190,4630,2000,3120,1130,880,1260,1460,1920,2470,890,1320,       .,13300,31.8,24.6,40.8,20.7,59.7,46.9,18.3,12.1,11.9,870,680,370,2820,1545,20,260,325,170,145,430,190,7190,2025,5160,5980,1205,0.9,476,570,1,0.8,0.6,0.8,9,1580,1511,70,         .,       .,2,1679,6,7,6
12331,BU05990451,Rotterdam                               ,Buurt     ,BU05990451,1,7700,3775,3925,1385,785,2260,1805,1470,3910,2465,865,470,740,3360,885,185,710,730,845,90,12,95,12,3875,1910,770,1200,2,6179,3903,133,17,83,95,5,31,67,60,7,3,90,10,2190,2000,2960,3020,4400,5310,1930,2760,890,780,1200,1410,2530,3840,780,1160,       .,5900,26.8,20.9,47.9,13.9,52.9,59.2,9.9,16.7,17.2,560,370,170,1400,415,5,70,115,40,35,95,60,2925,815,2110,2340,585,0.8,2346,195,0.7,0.4,0.4,0.4,13.8,130,125,5,3042,1,2,1894,4,7,7
12332,BU05990452,Rotterdam                               ,Buurt     ,BU05990452,1,65,30,30,5,5,15,35,10,20,35,5,5,5,0,0,0,0,0,0,0,30,0,15,30,10,15,10,2.1,28,25,       .,84,16,100,0,76,20,0,20,4,92,8,4280,       .,       .,       .,       .,4680,       .,4680,       .,       .,       .,       .,       .,       .,       .,       .,       .,100,       .,       .,       .,       .,       .,       .,       .,       .,       .,0,0,0,10,20,0,5,5,5,0,5,0,55,15,40,45,10,       .,       .,10,2.6,2.9,2.3,2.3,3.2,253,238,15,3047,3,5,94,0,0,15
12333,BU05990454,Rotterdam                               ,Buurt     ,BU05990454,1,340,170,170,60,30,75,105,75,155,160,15,15,15,15,0,0,5,0,5,0,8,10,34,145,45,55,50,2.3,82,137,356,100,0,90,10,76,19,0,19,5,91,9,4220,       .,3700,2900,3920,4810,4220,4100,1950,       .,1370,1870,2160,2030,2150,1860,       .,300,38.3,30.4,33.6,27.9,69.8,31.9,39,6.7,5.9,0,10,0,70,60,10,0,10,5,10,20,5,185,45,140,155,30,1.3,44,20,3.7,3.2,2.8,2.8,1.1,428,420,8,3046,1,5,57,23,3,3
12334,BU05990455,Rotterdam                               ,Buurt     ,BU05990455,1,2370,1195,1175,730,110,850,460,225,1300,870,115,90,225,380,40,30,110,65,130,95,40,40,17,780,135,180,470,2.9,415,724,333,92,8,96,4,80,19,11,8,1,36,64,3490,2780,2980,3430,4390,4640,2550,3740,1310,810,1080,1270,1640,1910,1150,1320,       .,1500,52.6,34.3,21.7,48.5,78.9,14.2,54.3,3.1,3.8,30,40,40,220,380,5,40,80,60,40,130,25,930,330,595,735,190,1.2,162,80,2,2,0.6,0,-1,591,572,19,3045,1,4,761,8,7,4
12335,BU05990456,Rotterdam                               ,Buurt     ,BU05990456,1,6745,3425,3320,1110,700,1830,2005,1100,3390,2560,535,270,720,1085,215,110,305,120,335,65,9,25,4,3185,1200,890,1105,2.1,4525,3188,178,44,56,94,6,61,38,24,15,1,96,4,2710,2150,3250,3380,3930,4140,2000,3110,1290,1050,1430,1650,1920,2840,1080,1410,       .,5400,31.7,25.3,38,21,61.3,39.8,19.2,9,8,260,230,140,1040,655,5,140,120,60,60,180,95,2965,805,2160,2580,385,0.9,1987,240,0.8,0.8,0.6,0.6,3.6,171,149,22,3043,1,2,1796,6,7,5
12336,BU05990457,Rotterdam                               ,Buurt     ,BU05990457,1,385,205,175,50,35,90,125,85,190,140,35,25,15,10,0,0,5,0,0,0,7,0,7,200,90,55,65,1.9,5211,198,83,100,0,100,0,33,67,66,1,0,100,0,2530,       .,2530,2520,       .,       .,2280,2990,940,       .,910,1050,       .,       .,870,1070,       .,300,22,18.2,53.5,5.3,48.9,66.5,6.4,14.8,11.7,30,30,10,80,10,       .,       .,       .,       .,       .,       .,       .,135,15,115,125,10,0.7,1809,15,1.3,1.3,1.2,0.9,3,7,7,0,3043,1,4,908,5,0,8
12337,WK059905  ,Rotterdam                               ,Wijk      ,WK059905  ,1,51800,25535,26265,7095,7510,20795,10965,5440,34480,11545,4395,1390,6815,19495,4910,1410,3605,4145,5415,710,13,295,5,29225,16290,6380,6565,1.8,10066,27139,141,3,97,94,6,33,65,38,27,1,98,2,2090,2050,2990,3120,2870,       .,1950,2310,900,880,1250,1190,1060,3510,860,970,8.7,41800,29.8,24.5,42.9,20.1,60.5,55.1,11.7,15,14.4,3410,1910,1150,5180,5300,10,445,965,520,285,1835,1245,14415,2885,11530,12345,2070,0.5,2801,980,0.4,0.4,0.3,0.4,35.2,535,515,21,         .,       .,1,6577,3,6,8
12338,BU05990515,Rotterdam                               ,Buurt     ,BU05990515,1,4090,2020,2065,530,675,1505,910,470,2700,875,430,95,490,2225,575,190,455,475,525,45,11,20,5,2325,1330,450,555,1.8,10635,2095,136,3,97,96,4,20,79,60,19,1,100,0,2120,2100,2610,       .,       .,       .,2040,2370,830,840,930,       .,       .,       .,910,600,12.1,3300,24.9,20.5,53.7,12.5,49.8,64.5,6.8,21.8,21.1,420,180,100,450,500,0,40,90,35,35,195,100,1015,175,835,845,170,0.4,2634,45,0.4,0.4,0.5,0.5,37.1,38,38,0,3032,1,1,8208,4,14,13
12339,BU05990516,Rotterdam                               ,Buurt     ,BU05990516,1,4650,2285,2360,585,760,1930,925,450,3235,970,345,105,675,1970,355,255,315,450,585,60,13,15,4,2700,1590,565,555,1.7,15761,2546,149,3,97,91,9,28,66,42,23,7,98,2,2150,2110,3360,       .,       .,       .,1990,2440,980,950,1870,       .,       .,       .,880,1170,5,3800,30.1,25,44.1,20.5,60.1,57.5,12.9,15.5,15,300,160,100,430,480,0,25,65,60,40,190,100,1165,220,945,995,165,0.4,3944,80,0.5,0.6,0.4,0.4,37.5,30,30,0,3033,1,1,7164,3,7,11
12340,BU05990531,Rotterdam                               ,Buurt     ,BU05990531,1,7885,3865,4015,745,1290,4090,1220,540,6020,1175,570,125,1220,2080,360,185,425,305,800,90,11,25,3,5065,3170,1180,725,1.5,17829,4792,119,0,100,94,6,35,64,21,44,1,99,1,1880,1850,       .,       .,       .,       .,1750,2000,950,940,       .,       .,       .,       .,940,940,       .,6900,30,26.3,37.8,19,68.5,56.7,8.5,12.5,10.9,400,250,220,520,910,0,85,125,80,30,305,280,2325,460,1865,2055,275,0.5,5261,175,0.5,0.4,0.2,0.4,36.1,45,44,1,3038,1,1,5891,3,3,5
12341,BU05990532,Rotterdam                               ,Buurt     ,BU05990532,1,10290,4970,5315,1275,1170,4475,2090,1280,6815,2315,790,370,1525,1440,115,130,295,125,770,175,17,85,8,5995,3255,1575,1170,1.7,6281,5586,165,1,99,95,5,57,43,8,35,0,100,0,2190,2170,3520,       .,       .,       .,2050,2290,1070,1060,1860,       .,       .,       .,990,1120,       .,8500,38.3,32.4,28.1,33.5,73.2,38.3,18.9,5.1,5.4,150,220,190,1210,1125,0,70,130,130,80,475,240,3395,815,2575,2980,410,0.6,2071,235,0.3,0.3,0.4,0.4,36.9,169,164,6,3039,1,1,5148,2,4,4
12342,BU05990534,Rotterdam                               ,Buurt     ,BU05990534,1,7620,3705,3910,1215,990,2745,1735,930,4865,1880,605,270,885,2640,710,150,555,575,650,120,15,60,8,4010,2070,880,1075,1.9,13755,3685,167,7,93,95,5,39,60,40,20,1,94,6,2220,2130,3230,3820,       .,       .,2000,2520,940,880,1660,1860,       .,       .,810,1110,10.2,6000,31.7,25.3,41.9,22.7,60.9,52.8,16.4,13.8,14.3,440,270,150,890,710,0,65,105,80,35,265,160,2230,435,1790,1900,330,0.6,4022,170,0.3,0.3,0.3,0.3,33.3,57,55,2,3037,1,1,6588,4,5,5
12343,BU05990535,Rotterdam                               ,Buurt     ,BU05990535,1,17140,8580,8560,2740,2610,5995,4040,1765,10770,4315,1630,430,2005,9080,2775,475,1545,2200,2075,210,12,80,4,9100,4880,1735,2495,1.9,16944,8434,125,5,95,94,6,20,79,60,20,1,96,4,2050,1980,2800,2530,       .,       .,1930,2350,750,740,890,380,790,       .,780,640,16.7,13400,24.7,19.5,52.4,12.7,51.3,63.2,7.4,21.6,20.7,1710,820,390,1670,1535,5,155,440,130,60,395,355,4245,760,3485,3535,710,0.5,4194,260,0.5,0.3,0.2,0.3,33.7,106,101,5,3036,6,1,7305,3,6,9
12344,BU05990558,Rotterdam                               ,Buurt     ,BU05990558,1,120,100,20,5,15,55,40,5,75,20,25,5,5,60,10,20,10,10,5,0,8,0,0,20,5,10,10,2.1,149,1,       .,       .,       .,       .,       .,       .,       .,       .,       .,       .,       .,       .,       .,       .,       .,       .,       .,       .,       .,       .,       .,       .,       .,       .,       .,       .,       .,       .,       .,0,       .,       .,       .,       .,       .,       .,       .,       .,       .,0,10,0,0,35,0,5,15,0,0,5,5,45,15,30,35,10,       .,       .,10,1.1,1.2,0.9,1.3,29.3,89,82,7,3041,1,2,2103,0,49,205
12345,WK059906  ,Rotterdam                               ,Wijk      ,WK059906  ,1,43895,20880,23010,8765,4410,10915,11660,8150,22910,14810,3775,2400,5170,7690,1585,780,1560,890,2870,505,11,585,13,20240,8420,4765,7065,2.1,3757,20676,251,41,59,94,6,51,48,31,17,2,86,14,2750,2080,3370,3630,4270,5590,2110,3270,1300,980,1440,1810,2040,3410,1020,1530,       .,32400,43,32.5,36.1,30.7,59.9,40.9,27.6,9.7,9.8,1610,1280,750,7760,4215,20,395,710,330,665,1540,555,17330,5100,12230,14865,2465,0.9,1483,945,0.6,0.7,0.4,0.5,15.7,1328,1168,159,         .,       .,2,2300,5,5,5
12346,BU05990660,Rotterdam                               ,Buurt     ,BU05990660,1,16430,7680,8750,3405,1690,4310,4115,2910,8965,4925,1630,920,1555,4640,1185,525,825,575,1525,230,14,240,14,7830,3585,1515,2735,2.1,3392,8074,170,33,67,94,6,37,61,52,9,2,92,8,2340,1880,3060,3220,3640,4650,1890,3000,1150,930,1410,1720,1670,2410,1000,1360,       .,12100,32.6,24.5,42.4,22.1,55.5,53.2,18.2,15,14.8,1130,650,310,2760,1055,10,145,210,100,100,335,155,5470,1420,4045,4745,725,0.7,1129,290,0.6,0.5,0.3,0.4,13,493,484,8,3053,4,1,2519,7,7,8
12347,BU05990661,Rotterdam                               ,Buurt     ,BU05990661,1,8050,3975,4070,1500,885,2710,2035,925,4840,2470,565,185,1055,835,70,80,195,95,400,105,13,30,3,3900,1650,1025,1230,2.1,6739,3807,206,26,74,93,7,64,34,2,32,1,95,5,2560,2230,3460,3560,3590,4420,2130,2730,1310,1130,1710,2110,1860,2290,1160,1370,       .,6200,40.6,31.5,30,32.9,70.2,33.7,25.8,4.8,4.5,110,170,150,850,1110,5,110,180,105,125,390,195,3150,820,2330,2725,430,0.8,2637,235,0.3,0.6,0.3,0.4,28.5,127,119,8,3051,1,1,3101,2,6,3
12348,BU05990662,Rotterdam                               ,Buurt     ,BU05990662,1,7835,3620,4210,1220,735,1590,2170,2120,3545,2875,780,640,990,1170,235,100,275,130,425,70,9,160,20,3875,1760,1040,1080,2,4262,4051,315,30,70,93,7,47,51,35,16,2,72,28,2790,2240,3520,3710,4780,6280,2060,3460,1220,930,1420,1840,2520,3440,910,1580,       .,6000,47.6,37.8,37.7,30.1,54.5,42.7,26.8,10.6,10.5,270,260,120,2060,845,0,55,170,50,175,305,90,3485,1135,2350,2975,510,0.9,1896,135,0.6,0.6,0.4,0.7,15.1,306,184,122,3054,1,2,2073,4,4,6
12349,BU05990664,Rotterdam                               ,Buurt     ,BU05990664,1,3525,1735,1790,755,440,760,1205,360,1840,1385,240,65,400,535,65,25,195,60,190,35,10,10,3,1340,275,355,715,2.6,1979,1308,300,89,11,97,3,57,42,19,23,1,33,67,3690,2350,3530,3830,4710,4570,3390,3830,1000,450,680,950,1790,2510,760,1060,22.7,2600,45.5,33.5,34.1,36.4,63.9,23,42.2,5.7,5.3,60,90,60,340,335,0,45,35,30,55,125,45,1540,540,1000,1305,235,1.1,863,130,0.8,1.9,0.6,0,-1,188,178,10,3056,1,4,879,5,3,5
12350,BU05990665,Rotterdam                               ,Buurt     ,BU05990665,1,8045,3860,4185,1885,655,1540,2130,1835,3725,3165,565,595,1170,505,25,50,75,25,325,55,7,135,16,3295,1155,835,1310,2.4,3978,3436,392,69,31,94,6,70,30,11,19,0,98,2,3500,2260,3600,4170,4270,5980,2490,3850,1830,1070,1760,2210,2270,3970,1310,2030,       .,5600,62,44.5,28.5,44.7,61.2,25.1,47,3.6,4.9,40,120,100,1750,865,0,40,110,45,205,390,70,3685,1185,2500,3120,565,1.1,1821,155,0.8,0.6,0.6,0.4,11.2,214,202,11,3055,1,2,1697,5,3,2
12351,WK059908  ,Rotterdam                               ,Wijk      ,WK059908  ,1,53700,26100,27600,7290,10605,17265,11235,7315,34500,12480,4805,1925,8560,20005,5270,1165,3600,3155,6810,625,11,440,8,30300,17560,6350,6395,1.7,5136,27493,181,7,93,95,5,26,72,47,25,2,93,7,2210,2030,3600,3890,5350,5830,2000,2600,770,680,1420,1690,3270,3850,700,940,24,40400,32.8,26.5,47.7,20.1,51.9,59.3,12.8,16.5,16.4,3770,1910,910,6960,4435,10,375,835,395,500,1590,730,15755,4415,11340,13190,2565,0.5,1507,690,0.5,0.4,0.3,0.5,24.6,1277,1046,231,         .,       .,1,5247,4,6,7
12352,BU05990814,Rotterdam                               ,Buurt     ,BU05990814,1,8375,3960,4415,1065,1420,3000,1680,1210,5395,1790,820,375,1190,3460,980,185,665,500,1125,90,11,110,13,4765,2710,1035,1030,1.7,15728,4580,132,0,100,96,4,20,76,49,27,4,93,7,2040,2040,       .,       .,       .,       .,2060,1970,650,650,       .,       .,       .,       .,670,590,30,6600,26.6,21.9,48.4,15.4,53.6,62.1,7.7,16.1,16.8,690,360,170,1140,510,0,50,135,45,30,150,100,2035,445,1590,1790,245,0.4,3826,105,0.4,0.3,0.3,0.4,35.2,54,53,1,3031,1,1,7713,5,5,6
12353,BU05990836,Rotterdam                               ,Buurt     ,BU05990836,1,3020,1580,1440,560,355,1250,585,275,1930,755,275,65,330,1295,520,50,215,195,310,55,19,20,6,1580,775,360,445,1.9,2929,1604,140,5,95,91,9,11,88,77,10,2,70,30,2160,2060,2940,3300,       .,       .,2030,2710,540,520,1460,       .,       .,       .,540,430,26.7,2300,28.3,22,47.7,17.2,57.9,62.7,13.3,21.7,20.4,290,120,50,260,325,5,40,75,30,20,90,70,890,225,665,730,160,0.6,862,55,0.3,0.4,0.2,0.3,28.2,110,103,7,3034,1,1,4811,3,6,8
12354,BU05990837,Rotterdam                               ,Buurt     ,BU05990837,1,8165,3905,4260,1440,1205,2385,2000,1140,4720,2095,975,385,755,4830,1690,260,745,1085,1040,120,15,85,10,4110,2115,710,1295,2,16721,4067,126,4,96,96,4,8,88,80,8,4,96,4,2070,2030,2960,2560,       .,       .,2040,2330,900,890,990,1000,       .,       .,920,890,       .,6100,21.2,16.3,59.9,7.7,41.2,70.9,4.5,28.2,27.4,1080,510,140,1080,380,5,55,75,45,10,110,85,1965,320,1645,1615,350,0.5,4024,80,0.4,0.4,0.2,0.3,32.4,53,49,4,3034,1,1,6457,5,8,8
12355,BU05990841,Rotterdam                               ,Buurt     ,BU05990841,1,15785,7640,8145,2235,3070,5245,3325,1910,10420,3465,1430,480,2200,6235,1675,300,1285,1035,1930,205,13,95,6,8950,5210,1790,1955,1.7,15436,7995,157,6,94,95,5,29,70,47,22,1,94,6,2070,1940,3290,3110,       .,       .,1880,2300,920,900,1310,1250,       .,       .,920,950,       .,12300,29.4,23.8,48.1,19.3,53,59.9,11.9,16.3,16.1,1190,560,310,1810,1190,0,110,245,105,105,415,210,4365,995,3370,3765,600,0.5,4268,180,0.5,0.3,0.3,0.5,24.4,102,102,0,3061,1,1,5654,3,6,8
12356,BU05990842,Rotterdam                               ,Buurt     ,BU05990842,1,8045,3920,4125,1285,1870,2025,1665,1205,5110,2245,420,275,1695,1135,80,85,150,60,755,60,7,60,7,4370,2510,940,930,1.8,3974,3522,413,34,66,93,7,50,48,14,33,2,95,5,3150,2340,4090,4470,5520,6150,2290,3770,1520,1120,1690,2080,3420,3900,960,1970,11.2,5500,64.4,49,37,39.4,56.2,42.9,34.1,7,6.6,100,90,80,1160,1165,0,70,135,80,225,540,115,2950,1025,1930,2400,550,0.7,1457,110,0.6,0.5,0.4,0.5,17.8,205,203,3,3062,1,1,3257,3,4,4
12357,BU05990843,Rotterdam                               ,Buurt     ,BU05990843,1,105,50,50,15,15,20,40,15,60,35,5,5,5,0,0,0,0,0,0,0,0,0,9,45,20,10,25,2.2,32,25,       .,84,16,84,16,52,48,0,48,0,100,0,3300,       .,       .,       .,3980,       .,2520,4100,2200,       .,       .,       .,2030,       .,1800,2550,       .,100,       .,       .,       .,       .,       .,       .,       .,       .,       .,10,0,0,20,85,0,5,30,0,10,5,35,65,20,45,45,20,       .,       .,10,1.3,1.6,0.9,0,-1,447,328,119,3062,1,2,1571,38,217,302
12358,BU05990845,Rotterdam                               ,Buurt     ,BU05990845,1,4445,2150,2295,445,660,1425,1115,810,2630,1110,545,170,565,1675,185,185,390,200,710,45,11,30,7,2715,1565,675,480,1.6,2632,2576,143,3,97,97,3,20,80,51,29,0,100,0,2020,1960,3090,3050,       .,4100,1930,2230,40,       .,710,820,       .,       .,       .,100,95.2,3700,28.7,24.5,44.6,19.2,53,57,8,15,15.3,320,170,80,770,305,0,25,55,45,30,95,55,1675,575,1095,1405,265,0.6,990,70,0.7,0.7,0.6,0.6,7.3,243,169,74,3063,1,2,1816,4,7,6
12359,BU05990847,Rotterdam                               ,Buurt     ,BU05990847,1,5745,2880,2860,245,2010,1915,830,745,4245,995,340,170,1815,1370,130,90,150,75,925,30,5,30,5,3760,2665,845,255,1.4,14824,3124,170,0,100,89,11,32,63,17,47,4,94,6,2140,2140,       .,       .,       .,       .,1980,2300,290,280,       .,       .,       .,       .,360,210,62.7,3700,33.8,29.8,44.2,25.6,51.9,58.3,12.1,8.7,8.5,110,100,70,720,475,0,25,85,45,70,185,60,1810,810,1000,1430,375,0.5,4667,80,1,0.7,0.4,0.8,20.3,62,39,23,3063,1,1,4714,2,3,4
12360,WK059910  ,Rotterdam                               ,Wijk      ,WK059910  ,1,74040,36695,37345,13385,10145,22550,18630,9335,41740,21570,8080,2660,7875,42880,8330,3725,7310,13395,10120,1050,14,510,6,35830,16445,7325,12065,2.1,11152,34579,128,24,76,94,6,21,79,64,15,1,85,15,2260,2130,2540,2550,2840,3280,2110,2690,830,770,980,1190,1500,1780,890,720,12.9,55300,25.1,19.2,53.8,12.5,47.9,61.9,9.1,21.7,21,7670,3640,1710,8810,4720,45,685,1090,545,280,1355,720,20595,4315,16280,16790,3810,0.6,3102,900,0.5,0.4,0.3,0.4,31.6,855,664,191,         .,       .,1,4669,7,7,10
12361,BU05991017,Rotterdam                               ,Buurt     ,BU05991017,1,2390,1260,1130,185,350,1345,395,115,1745,510,125,15,425,895,50,160,105,110,470,35,15,0,1,1565,965,425,180,1.5,8921,1644,254,0,100,84,16,25,74,40,34,0,11,89,2480,2480,       .,       .,       .,       .,2220,2880,       .,       .,       .,       .,       .,       .,       .,       .,68.6,1900,53.9,46.4,28.2,40.5,72.5,45,25.8,5,3.8,30,20,50,110,515,0,20,80,90,70,210,50,1210,590,620,765,440,0.8,4505,65,0.9,0.8,0.8,0.7,28,64,27,37,3072,2,1,3918,4,5,15
12362,BU05991079,Rotterdam                               ,Buurt     ,BU05991079,3,8475,4195,4280,1620,890,2760,2210,995,4755,2550,925,250,1140,4450,1090,335,865,910,1245,120,14,25,3,4120,1785,970,1370,2.1,11547,3936,177,8,92,96,4,29,71,53,17,0,72,28,2340,2250,3310,3470,       .,       .,2180,2730,440,480,80,40,       .,       .,530,240,51,6400,34.9,26.7,41.7,25.8,56.8,46.5,18.2,15.8,15.6,620,320,180,950,660,0,50,125,80,55,270,80,2380,625,1755,1920,460,0.6,3245,110,0.3,0.3,0.3,0.3,27.6,82,73,9,3071,1,1,4485,4,3,7
12363,BU05991080,Rotterdam                               ,Buurt     ,BU05991080,1,13885,6600,7285,2060,1615,3275,4125,2810,7050,4115,1870,860,1390,4670,810,695,1130,745,1290,170,12,185,13,7110,3305,1645,2170,1.9,6774,7030,126,68,32,96,4,13,86,81,5,0,96,4,2320,2060,2380,2470,2870,3550,2220,2930,1040,790,1060,1270,1520,2090,1050,1020,       .,10900,23.1,18.6,53.7,9,44.5,66.4,6.1,20.3,19.9,1520,800,330,2640,580,5,120,110,70,30,150,95,4405,1005,3405,3850,560,0.6,2149,260,0.6,0.6,0.5,0.4,37.2,207,205,2,3075,1,1,4046,10,8,12
12364,BU05991081,Rotterdam                               ,Buurt     ,BU05991081,1,13735,6985,6750,2605,2125,4300,3315,1395,7915,4025,1385,415,1705,8850,1530,765,1425,3375,1745,215,15,65,5,6405,2845,1230,2335,2.1,17423,6238,97,34,66,94,6,21,78,57,21,1,96,4,2190,2070,2440,2470,2470,2970,2090,2620,1040,990,1110,1220,1270,1460,1020,1130,       .,9900,20.8,15.5,58.8,7.2,45.6,67.2,5.1,24.2,22,1500,730,340,1310,730,15,170,220,75,15,120,120,3445,495,2945,2850,595,0.5,4368,120,0.4,0.3,0.2,0.3,37.6,79,79,0,3073,1,1,6218,9,9,11
12365,BU05991082,Rotterdam                               ,Buurt     ,BU05991082,3,11985,6065,5920,2460,1905,3990,2620,1015,6870,3625,1205,295,1265,8720,1725,585,1270,3485,1650,185,15,55,4,5405,2355,1005,2050,2.2,13359,5157,96,8,92,93,7,27,71,46,25,1,90,10,2210,2090,3130,3520,       .,       .,2020,2530,940,940,1040,1620,       .,       .,940,960,       .,8600,21.5,15.7,56.8,7.8,48.5,62.9,6.1,22.9,21.5,1140,590,330,970,740,10,145,260,65,20,135,105,3105,475,2635,2435,670,0.6,3463,100,0.3,0.3,0.2,0.3,34.2,90,90,1,3074,1,1,4740,7,8,11
12366,BU05991085,Rotterdam                               ,Buurt     ,BU05991085,1,4760,2340,2420,1010,460,1455,1240,595,2705,1405,490,170,455,2155,385,265,445,175,880,60,13,30,6,2275,990,495,795,2.1,8621,2049,171,14,86,96,4,37,63,55,8,0,68,32,2390,2190,3320,2950,       .,       .,2060,2840,650,730,250,240,       .,       .,800,440,18,3500,30.7,23,45.4,22.3,56.5,52.7,16.8,17.4,18.8,400,170,90,560,370,0,30,70,35,20,140,65,1385,355,1030,1160,225,0.6,2505,80,0.4,0.4,0.3,0.4,22.5,118,55,63,3072,1,1,3019,6,5,4
12367,BU05991086,Rotterdam                               ,Buurt     ,BU05991086,1,8020,3960,4060,1450,1310,2165,2060,1035,4365,2455,905,305,505,6450,1225,405,1015,2500,1300,90,11,55,6,3620,1645,595,1390,2.2,17027,3445,100,4,96,94,6,10,89,83,6,0,88,12,2380,2150,3660,3650,       .,       .,2090,3170,660,780,230,450,       .,       .,890,230,13.1,5900,19.1,14.3,65,5.6,37.2,70.5,5.9,29.6,30.7,1120,470,160,990,385,5,65,120,40,15,65,70,1790,230,1565,1425,365,0.5,3803,35,0.4,0.4,0.3,0.3,31.6,47,47,0,3072,1,1,5334,6,7,10
12368,BU05991087,Rotterdam                               ,Buurt     ,BU05991087,1,7505,3670,3830,1620,1110,2140,1760,875,4355,2095,850,210,515,5725,1355,430,850,1875,1215,125,17,50,6,3390,1500,510,1390,2.2,11889,3213,102,4,96,97,3,9,91,85,5,1,93,7,2090,2080,2440,2330,       .,       .,2040,2510,930,920,1010,       .,       .,       .,930,850,       .,5400,20.3,14.8,63.1,6.9,39.2,69,5.8,30.4,28,1090,430,160,830,260,0,45,45,30,10,75,45,1650,225,1425,1350,300,0.5,2615,50,0.7,0.5,0.3,0.4,23.1,100,63,37,3071,1,1,3944,5,7,7
12369,BU05991088,Rotterdam                               ,Buurt     ,BU05991088,1,3270,1610,1660,370,375,1120,905,500,1990,795,345,150,470,960,150,75,195,215,325,35,10,25,7,1930,1075,455,410,1.7,13270,1867,163,1,99,95,5,30,69,46,23,1,89,11,2040,2030,2880,       .,       .,       .,1960,2180,870,860,1910,       .,       .,       .,870,870,       .,2700,32.4,27.3,42.1,22.7,58.4,53.5,12.7,14.8,16,250,120,80,480,480,0,35,60,55,50,190,90,1220,320,900,1035,185,0.6,4957,80,0.8,0.3,0.4,1.4,18,67,25,42,3071,1,1,4535,5,10,7
12370,WK059912  ,Rotterdam                               ,Wijk      ,WK059912  ,1,60065,28975,31085,10570,6960,16465,15350,10720,30630,19295,6460,3685,5955,23570,2680,3820,6245,3920,6900,740,12,720,12,28655,12455,6520,9685,2,5082,28902,127,36,64,95,5,37,62,47,15,1,91,9,2520,2100,3040,3160,3440,4350,2180,2960,960,820,1100,1360,1560,2310,920,1040,7.5,45500,26.5,20.7,45.4,13.7,54.7,53.2,9.9,14,13.5,4210,2730,1340,10220,3055,30,745,725,370,190,605,390,21130,5795,15335,18270,2860,0.7,1788,1330,0.6,0.7,0.4,0.5,17.7,1309,1182,127,         .,       .,1,2564,6,6,8
12371,BU05991283,Rotterdam                               ,Buurt     ,BU05991283,1,5880,3030,2850,855,605,1675,1940,810,2780,2500,440,160,620,1585,135,195,515,210,525,55,10,25,4,2770,995,900,885,2.1,2998,2749,175,42,58,93,7,68,32,13,18,1,76,24,2770,2260,3390,3310,3670,4250,2150,3050,800,440,1130,1340,1460,2250,670,850,29.1,4700,35,28.5,31.8,26.3,65.4,30,22.9,5.7,5.3,150,180,130,770,640,0,125,155,85,50,160,65,2785,990,1795,2325,460,1,1420,235,1.7,1.5,0.9,0.9,16.3,315,196,119,3077,1,2,1682,4,9,9
12372,BU05991284,Rotterdam                               ,Buurt     ,BU05991284,1,13830,6755,7075,2520,1560,3940,3270,2540,7325,3940,1675,900,1465,6085,925,900,1180,1360,1720,165,12,165,12,6920,3420,1365,2145,1.9,5299,6932,117,26,74,96,4,30,68,50,18,2,94,6,2330,2050,2870,3120,3800,4160,2100,2800,920,890,910,1090,2010,2600,880,1100,6.5,10400,25.6,19.9,47.5,11.9,52.9,59.9,7.4,16,15.7,1170,660,310,2390,645,5,165,145,75,45,135,80,4465,1085,3380,3860,605,0.6,1710,245,0.4,0.6,0.4,0.5,21.9,263,261,1,3076,1,1,2592,8,6,9
12373,BU05991289,Rotterdam                               ,Buurt     ,BU05991289,1,28380,13395,14985,4670,3150,7535,6825,6205,13805,9240,3070,2275,2755,9860,1195,1650,2305,1830,2870,360,12,430,15,13950,6370,3250,4340,2,4927,14328,124,33,67,95,5,34,66,50,15,0,89,11,2440,2090,2910,3080,3100,4560,2160,2850,980,810,1190,1480,1420,2110,930,1080,6.4,21800,25.6,20.3,46.3,12.2,53.3,55.8,8.1,13.8,13.8,2010,1340,590,5970,1330,15,325,330,160,80,230,190,9945,2780,7165,8685,1260,0.7,1726,620,0.5,0.7,0.4,0.5,18.1,580,576,4,3079,5,1,2732,6,5,7
12374,BU05991290,Rotterdam                               ,Buurt     ,BU05991290,1,11965,5790,6170,2525,1645,3315,3315,1165,6720,3620,1280,355,1115,6040,420,1070,2245,515,1785,150,12,95,8,5005,1670,1015,2325,2.3,8056,4893,122,54,46,97,3,41,59,52,7,0,100,0,2760,2160,3230,3320,       .,       .,2390,3270,1060,980,1090,1300,       .,       .,1050,1080,       .,8600,25,18.7,47.9,12.7,54.2,49.4,11.3,16.2,14.3,890,550,300,1090,440,10,130,95,50,15,80,55,3930,935,2995,3400,530,0.8,2646,230,0.6,0.6,0.3,0.5,12.6,151,149,3,3077,1,1,2543,5,6,8
12375,WK059913  ,Rotterdam                               ,Wijk      ,WK059913  ,1,4785,2375,2410,755,510,1190,1425,910,2175,1980,365,270,390,445,25,95,145,30,145,50,10,35,7,2175,710,705,765,2.2,3032,2194,154,85,15,97,3,71,29,21,8,0,86,14,2830,2250,2760,3010,3130,3830,2290,3070,1220,840,1080,1410,1560,2050,980,1310,       .,3800,31.1,25.1,36.3,19.9,64.4,34.6,17.4,4.7,4.7,90,160,100,840,270,0,75,50,25,25,50,40,2175,655,1520,1985,190,1,1377,240,0.5,0.5,0.5,0.5,2,162,158,4,         .,       .,4,727,2,6,6
12376,BU05991391,Rotterdam                               ,Buurt     ,BU05991391,1,4785,2375,2410,755,510,1190,1425,910,2175,1980,365,270,390,445,25,95,145,30,145,45,10,35,7,2175,710,705,765,2.2,3032,2194,154,85,15,97,3,71,29,21,8,0,86,14,2830,2250,2760,3010,3130,3830,2290,3070,1220,840,1080,1410,1560,2050,980,1310,       .,3800,31.1,25.1,36.3,19.9,64.4,34.6,17.4,4.7,4.7,90,160,100,840,270,0,75,50,25,25,50,40,2175,655,1520,1985,190,1,1377,240,0.5,0.5,0.5,0.5,2,162,158,4,3195,1,4,727,2,6,6
12377,WK059914  ,Rotterdam                               ,Wijk      ,WK059914  ,1,94905,45250,49650,15610,10370,22680,26505,19745,45370,34210,9730,5600,9480,23650,2330,2220,8285,2230,8580,890,9,975,10,45565,19110,11225,15245,2.1,5446,45436,181,41,59,97,3,42,57,44,13,1,86,14,2730,2160,3300,3520,4600,5320,2230,3360,620,480,660,860,1460,2160,520,750,42,74300,32.8,26.1,40,21.3,56.4,46.4,18.6,10.5,11,3950,3870,1970,18830,6150,25,855,1290,645,655,1885,790,36850,13080,23770,32230,4620,0.8,2115,2045,0.8,0.7,0.5,0.6,13.4,1860,1743,118,         .,       .,1,2672,5,4,6
12378,BU05991444,Rotterdam                               ,Buurt     ,BU05991444,1,8155,3990,4160,1280,1310,1480,2895,1190,3955,3325,635,245,1055,1605,145,135,520,185,615,55,7,25,3,3475,1015,990,1480,2.3,3926,3394,333,67,33,97,3,56,44,22,22,0,94,6,3450,2080,3440,3600,4730,5500,2530,4080,1360,800,1170,1440,1850,2750,1020,1610,       .,6300,48.2,37.6,34.1,35.7,58.7,27.2,38.6,5,4.7,80,190,180,1120,830,0,65,115,75,155,360,60,3675,1615,2060,3095,580,1.1,1769,175,1.2,0.6,0.9,1.1,11.8,223,208,16,3065,1,2,1963,5,4,5
12379,BU05991446,Rotterdam                               ,Buurt     ,BU05991446,1,1655,840,815,285,200,465,510,195,820,645,120,75,140,195,15,35,50,20,70,10,8,5,4,725,245,195,295,2.3,3233,736,158,86,14,95,5,71,28,18,10,1,100,0,2920,2080,2880,3380,3820,4410,2240,3210,1220,780,1210,1500,1520,1650,940,1340,       .,1300,31.1,24,36.1,20,63.4,36,19.4,5.2,4.1,30,70,30,180,120,0,30,25,15,10,25,15,675,190,485,605,65,0.9,1314,70,0.6,1.7,0.9,1,3.2,64,51,13,3064,1,3,1422,3,1,2
12380,BU05991448,Rotterdam                               ,Buurt     ,BU05991448,1,9935,4795,5135,1300,960,2075,3215,2385,4410,3700,1160,670,940,2480,230,225,825,295,900,75,7,100,10,5170,2385,1305,1490,1.9,5784,5154,183,34,66,97,3,36,64,55,9,1,94,6,2570,2140,3180,3320,4880,4960,2190,3260,930,780,1050,1280,1960,2500,810,1150,       .,8200,33,27.4,40.4,21.6,54.1,51.4,17.3,12.2,12.8,470,470,210,2300,605,5,95,100,45,85,205,75,3940,1415,2525,3480,455,0.8,2292,190,1,0.8,0.5,0.4,13.7,180,172,8,3066,1,1,2892,4,4,4
12381,BU05991449,Rotterdam                               ,Buurt     ,BU05991449,1,10645,4940,5705,1360,1450,2800,2520,2515,5415,3185,1270,785,1225,2775,255,275,805,305,1140,105,9,135,12,5920,3195,1335,1395,1.8,4986,5875,137,19,81,95,5,38,62,38,24,0,91,9,2370,2140,3200,3430,3770,3870,1890,3060,1030,920,1400,1720,1960,2530,950,1180,       .,8600,28.3,23.6,42.1,16.3,55,55.1,9.7,10.5,11.6,480,410,240,2420,760,0,105,210,85,50,195,115,4270,1560,2710,3685,580,0.7,1999,235,0.5,0.5,0.5,0.6,15.8,216,214,3,3067,1,1,3245,7,5,8
12382,BU05991463,Rotterdam                               ,Buurt     ,BU05991463,1,25265,11665,13600,3510,2350,5290,6450,7675,10630,9670,2775,2200,2415,5010,585,465,1435,405,2120,225,8,385,15,12905,5750,3560,3605,1.9,5796,13088,156,37,63,96,4,36,64,50,14,0,96,4,2690,2360,3170,3360,4530,4100,2410,3170,890,630,1260,1520,1910,1690,730,1180,16.7,20600,28.8,23.9,41.9,16.4,51.6,50.9,12.9,10,10.8,1130,1020,450,7410,1280,5,215,275,155,100,330,200,9585,3065,6520,8615,975,0.7,2199,510,0.9,0.6,0.5,0.5,12.1,448,436,12,3068,5,1,2882,4,4,4
12383,BU05991466,Rotterdam                               ,Buurt     ,BU05991466,1,16090,7785,8300,2730,1880,4075,4905,2505,8160,5425,1775,735,1560,5240,505,590,2165,425,1550,155,9,170,10,7375,2875,1650,2855,2.1,7642,7286,151,51,49,97,3,43,56,46,10,1,98,2,2670,1920,3330,3450,4280,5450,2190,3310,       .,       .,       .,       .,       .,1730,       .,10,99.8,12400,28.7,22.7,43.7,17.3,56.2,47,15.9,13.9,14.2,930,830,400,2300,790,5,165,140,80,50,210,140,5805,1815,3990,5095,710,0.8,2758,360,0.7,0.6,0.4,0.5,15.3,216,211,5,3068,5,2,2476,6,4,7
12384,BU05991467,Rotterdam                               ,Buurt     ,BU05991467,1,10615,4985,5630,1520,1115,2700,3125,2165,5335,3340,1310,635,1125,3705,395,305,1395,350,1260,105,10,105,10,5530,2720,1185,1630,1.9,6585,5474,132,28,72,98,2,33,66,61,5,1,95,5,2290,1910,3230,3320,3790,       .,1950,2980,10,       .,       .,10,770,       .,       .,20,99.5,8500,27.6,22.7,44.7,15.5,52.8,55.3,10.9,13.9,14.9,700,570,260,2040,780,0,90,275,80,65,190,80,3850,1200,2650,3415,440,0.7,2389,175,0.6,0.5,0.5,0.5,20.2,163,161,2,3067,1,1,3330,7,7,11
12385,BU05991468,Rotterdam                               ,Buurt     ,BU05991468,1,12530,6235,6295,3625,1105,3800,2890,1120,6650,4935,690,265,1015,2635,195,185,1085,240,925,140,11,40,3,4450,935,1015,2510,2.8,4315,4429,311,69,31,97,3,72,27,19,9,0,2,98,3510,2350,3680,4110,4600,5430,2560,3810,150,       .,10,60,210,1500,40,160,90.4,8400,46.5,31.6,27.5,39.5,70.9,20.2,46.8,4.9,4.2,120,310,210,1070,985,5,90,155,115,145,370,100,5050,2215,2835,4235,815,1.1,1738,335,0.9,1.1,0.7,0.8,8.1,350,291,59,3059,1,3,1129,2,3,3
12386,WK059915  ,Rotterdam                               ,Wijk      ,WK059915  ,1,66750,33830,32920,11775,8840,22220,15525,8390,39495,17295,7185,2780,11020,31670,4745,4700,7160,6120,8935,920,13,670,10,33905,16955,6675,10285,1.9,5961,33838,97,17,83,92,8,31,67,41,26,2,91,9,2210,2020,2940,3020,3260,4690,2020,2530,970,920,1120,1290,1490,2660,950,1040,       .,50000,24,18.6,49.4,9.8,54,62.6,6.2,18.1,16.5,5330,3320,1950,7990,4000,40,990,960,450,190,755,615,20150,4425,15725,17015,3135,0.6,1799,1095,0.5,0.4,0.3,0.5,25.9,1190,1120,70,         .,       .,1,3783,7,7,11
12387,BU05991570,Rotterdam                               ,Buurt     ,BU05991570,1,500,250,245,45,35,95,160,160,260,145,65,35,50,65,5,10,25,10,10,0,4,15,38,130,40,55,45,2.3,254,131,351,92,8,93,7,73,27,8,20,0,97,3,4320,3270,3350,3320,3710,4930,3790,4480,2070,1550,1210,1480,1410,2580,1580,2250,       .,200,38.7,31.1,41.6,27.2,60.8,30,32.3,11,11,0,80,10,150,200,0,20,90,15,35,25,15,480,310,170,335,145,       .,       .,25,1.2,1.3,1,1,14.1,197,197,0,3084,1,3,1116,4,6,16
12388,BU05991571,Rotterdam                               ,Buurt     ,BU05991571,1,12225,6350,5875,2245,2015,4470,2695,805,7870,2910,1230,220,2475,7155,1035,1040,1510,1485,2075,190,15,40,3,6200,3070,1150,1990,2,14444,5964,79,9,91,91,9,27,72,32,41,1,95,5,2130,2070,2560,2490,       .,       .,2020,2360,980,940,1210,1270,       .,       .,940,1040,       .,9100,21.8,16.6,52.6,7.1,54.1,66.5,4.5,19.7,18.3,1020,500,440,740,725,5,220,140,105,25,125,105,3310,545,2770,2710,605,0.5,3912,135,0.7,0.3,0.2,0.4,36.7,114,85,30,3081,1,1,5727,7,8,12
12389,BU05991572,Rotterdam                               ,Buurt     ,BU05991572,1,11275,5960,5310,1900,1465,4675,2310,925,7360,2465,1155,300,2835,4470,550,625,1080,750,1465,175,15,70,6,6150,3270,1195,1690,1.8,19258,6160,78,4,96,91,9,42,58,15,42,0,99,1,2020,1960,2990,3490,       .,       .,1890,2130,950,930,1410,1840,       .,       .,940,940,       .,8700,24.4,19.1,43.9,8.7,61.5,61.1,3.9,13.1,11.3,660,440,430,870,770,10,240,175,80,20,145,105,3470,580,2890,2970,500,0.6,5925,205,0.3,0.3,0.2,0.4,33.8,59,59,0,3083,1,1,5101,5,6,8
12390,BU05991573,Rotterdam                               ,Buurt     ,BU05991573,1,12635,6115,6515,2200,1480,3525,3070,2360,6850,3505,1425,860,1380,5680,935,1000,1260,990,1490,155,12,170,13,6575,3360,1295,1930,1.9,8243,6702,106,21,79,96,4,22,74,63,11,4,88,12,2240,1950,2970,3050,3850,       .,2030,2740,940,870,1140,1380,1820,       .,950,1020,       .,9700,23.9,18.7,51.8,10,48.1,65.7,6.3,20.7,19.8,1310,690,290,2250,480,0,110,120,45,20,115,70,3750,955,2795,3250,500,0.6,2447,215,0.4,0.5,0.4,0.4,22.9,153,153,0,3085,1,1,2630,7,6,12
12391,BU05991574,Rotterdam                               ,Buurt     ,BU05991574,1,13580,6945,6635,2330,1900,4535,3380,1440,8135,3625,1445,385,2295,6085,935,760,1335,1335,1715,160,12,80,5,6965,3495,1405,2070,1.9,10575,6769,104,10,90,91,9,35,63,34,29,2,93,7,2270,2100,3210,3550,3640,4030,2010,2570,1040,980,1360,1540,1990,2420,970,1100,       .,10400,24.6,19.2,48.9,11.2,54.8,61,7.5,18.1,16,950,660,390,1370,955,15,230,160,115,35,185,215,4230,860,3370,3575,655,0.6,3292,250,0.4,0.4,0.3,0.3,21.4,142,128,14,3082,2,1,3478,9,7,7
12392,BU05991575,Rotterdam                               ,Buurt     ,BU05991575,1,530,280,250,75,45,145,175,95,300,140,65,30,45,130,15,25,40,10,40,5,9,5,14,295,155,65,85,1.8,2568,544,79,99,1,53,47,5,95,93,1,0,100,0,2420,       .,2280,2430,2540,       .,2330,3250,1020,       .,920,1040,1050,       .,1000,1140,       .,400,21.2,17,56.6,5.4,45.1,74.4,2.7,23.6,22.1,70,40,10,90,25,0,5,5,5,0,5,5,175,45,135,160,15,0.6,851,15,0.8,0.4,0.7,0.7,18.2,21,21,0,3084,1,2,2035,30,2,11
12393,BU05991576,Rotterdam                               ,Buurt     ,BU05991576,1,1220,620,600,130,115,470,265,240,685,310,165,70,175,455,60,40,110,80,165,15,13,10,9,750,450,190,120,1.6,4722,755,103,0,100,94,6,34,66,11,55,0,100,0,1770,1770,       .,       .,       .,       .,1650,2010,810,810,       .,       .,       .,       .,700,1040,19.9,1000,30.1,25.8,35.1,16.3,66,55.2,6,8.6,9.5,50,50,30,230,260,0,15,150,10,30,35,25,415,130,285,330,85,0.5,1596,20,0.3,0.2,0.6,0.7,40.5,26,26,0,3083,1,1,5394,7,30,71
12394,BU05991577,Rotterdam                               ,Buurt     ,BU05991577,1,12110,6010,6095,2560,1505,3745,2775,1520,6845,3430,1340,500,1470,7065,1145,1035,1675,1380,1825,180,15,95,8,5620,2500,1050,2075,2.1,9927,5599,104,28,72,94,6,31,68,56,12,1,79,21,2310,2020,3020,3110,3940,4610,2100,2820,930,900,940,1210,2210,3000,930,990,7.6,8700,24.1,17.8,50.7,10.4,51.3,59.2,7.8,19.7,17.5,1130,620,290,1440,470,10,140,100,60,20,90,55,3540,780,2760,2995,545,0.6,2902,160,0.5,0.5,0.3,0.4,18.5,122,122,0,3086,1,1,2615,6,6,6
12395,BU05991578,Rotterdam                               ,Buurt     ,BU05991578,1,1265,575,690,75,95,215,255,630,505,305,150,310,105,240,20,55,75,25,65,5,5,150,119,520,355,120,55,1.4,437,505,138,11,89,73,27,20,59,49,10,21,71,29,2430,2140,       .,       .,3590,4950,1980,3660,1260,1150,       .,       .,1520,2230,1190,1460,       .,700,23.1,21.2,56.1,9.4,32.6,74.7,6,22.7,22.7,70,170,10,640,50,0,5,5,0,5,10,20,240,80,160,220,25,0.5,83,15,0.7,0.6,0.5,0.6,22.5,317,290,27,3084,1,1,2754,31,43,47
12396,BU05991593,Rotterdam                               ,Buurt     ,BU05991593,1,1395,710,685,215,185,340,435,220,695,475,150,85,175,315,30,100,45,55,75,15,12,10,9,685,280,170,245,2,3576,709,131,64,36,95,5,24,75,74,1,1,83,17,2580,2170,2770,2850,2870,3920,2310,3540,1040,890,1140,1280,1560,3330,1130,1310,       .,1100,26.5,21.3,46.4,14,57.8,54.5,9.8,13.6,12.9,90,70,50,210,70,0,10,15,15,5,20,10,540,145,395,480,60,0.8,1385,55,4.6,0.4,0.4,0,-1,39,39,0,3089,1,5,273,2,3,5
12397,WK059916  ,Rotterdam                               ,Wijk      ,WK059916  ,1,34495,16710,17785,5405,4055,8290,9950,6800,15630,13390,3280,2200,3365,9270,545,1995,3090,1050,2585,385,11,435,12,15985,6050,4405,5540,2.1,3672,16030,143,58,42,96,4,43,57,45,12,0,81,19,2740,2200,3110,3240,3410,3880,2360,3290,850,610,1020,1230,1500,1600,810,1040,17.2,27300,28.6,23.1,41.1,17.3,57.7,44.4,14.2,9.5,9.7,1510,1480,790,6480,1805,5,400,415,230,125,395,240,14045,4505,9545,12475,1570,0.9,1495,950,0.7,0.8,0.5,0.5,10.6,1036,940,96,         .,       .,2,2032,5,6,6
12398,BU05991692,Rotterdam                               ,Buurt     ,BU05991692,1,12570,6230,6340,2175,1565,3320,3765,1745,6160,4595,1220,600,1295,4635,310,930,1655,650,1085,130,10,100,8,5605,2050,1330,2230,2.2,2725,5568,143,62,38,95,5,51,49,35,14,0,81,19,2750,2200,3070,3230,3400,3950,2380,3160,950,860,1000,1240,1500,1330,970,1040,6.3,9800,28.3,22.2,41.4,16.6,60,41.6,14.5,10.3,10.1,590,570,310,1660,910,0,210,200,140,60,205,95,5285,1600,3685,4540,750,0.9,1146,400,0.7,0.9,0.3,0.4,10.1,494,461,33,3194,5,2,1653,5,6,9
12399,BU05991699,Rotterdam                               ,Buurt     ,BU05991699,1,21925,10480,11440,3230,2490,4965,6185,5055,9470,8795,2060,1605,2075,4635,235,1065,1435,400,1495,250,11,335,15,10380,4000,3080,3310,2.1,4585,10462,143,56,44,97,3,39,61,50,12,0,81,19,2740,2200,3130,3240,3410,3820,2350,3380,790,480,1030,1220,1490,1810,740,1040,23.3,17500,28.8,23.5,40.9,17.7,56.4,45.9,14.1,9,9.4,930,920,480,4830,895,5,195,215,90,65,190,145,8760,2900,5860,7935,825,0.8,1832,550,0.6,0.7,0.5,0.6,10.8,541,478,63,3192,4,2,2247,5,6,5
12400,WK059917  ,Rotterdam                               ,Wijk      ,WK059917  ,1,10200,5030,5170,1535,1035,2275,3005,2355,4285,4375,895,650,890,535,50,85,110,55,235,95,9,95,9,4705,1635,1500,1580,2.2,712,5653,221,74,26,80,20,40,43,36,7,16,85,15,3130,1960,3000,3200,4070,4710,2260,3380,1290,760,1060,1290,1590,2440,990,1160,       .,8400,32.7,27.1,37.2,22.3,59.7,38.3,21.4,6.1,5.7,220,360,190,2280,865,70,170,195,55,115,160,95,4865,1635,3230,4375,490,1,340,375,0.9,0.8,0.7,0.7,3.2,1866,1433,432,         .,       .,3,1014,5,5,4
12401,BU05991701,Rotterdam                               ,Buurt     ,BU05991701,1,2245,1150,1090,465,225,620,600,340,1065,1010,105,70,165,65,5,0,15,5,40,30,13,5,3,850,150,305,400,2.6,550,1760,353,93,7,46,54,       .,       .,       .,       .,       .,68,33,4180,2810,3410,3900,4550,       .,2980,3700,1650,190,1030,1310,1580,       .,1200,1110,8.7,1700,43.9,34.3,28.9,36.4,69.5,10.8,46.3,1.4,1.1,0,30,30,320,265,10,35,70,20,50,65,25,1200,485,710,1045,150,1.4,293,100,1.7,1.6,1.3,1.5,3.7,590,409,181,3151,1,4,677,4,5,8
12402,BU05991702,Rotterdam                               ,Buurt     ,BU05991702,3,7880,3835,4045,1055,800,1635,2390,2005,3185,3340,785,580,720,465,45,80,90,50,195,60,8,85,10,3825,1480,1185,1170,2,2426,3862,192,65,35,96,4,39,60,53,7,0,93,7,2620,1880,2900,3030,3630,4940,2230,3230,1060,820,1070,1290,1590,2630,980,1170,       .,6600,29.7,25,39.4,18.6,56.9,44.4,15.9,7.1,6.6,220,330,160,1950,525,45,120,105,35,60,90,65,3605,1120,2485,3280,325,0.9,1109,270,0.6,0.5,0.5,0.5,3,380,325,55,3151,1,3,1191,5,5,3
12403,BU05991703,Rotterdam                               ,Buurt     ,BU05991703,3,70,40,30,15,5,20,15,15,35,30,10,0,5,0,0,0,0,0,0,0,0,0,28,25,10,15,10,2.4,10,31,       .,84,16,87,13,48,52,0,52,0,90,10,3920,       .,       .,       .,       .,4070,3290,4700,3940,       .,       .,       .,       .,3940,       .,       .,       .,100,       .,       .,       .,       .,       .,       .,       .,       .,       .,0,0,0,10,75,10,20,20,5,10,10,5,65,30,35,45,15,       .,       .,5,2.6,2.6,2.4,2.5,2.3,896,699,197,3151,1,5,62,0,0,0
12404,WK059918  ,Rotterdam                               ,Wijk      ,WK059918  ,1,105,50,50,10,5,35,40,15,50,40,15,5,15,10,0,0,5,0,5,0,0,0,18,55,25,15,15,1.9,58,32,       .,50,50,63,38,31,66,0,66,3,100,0,3700,       .,       .,       .,       .,5490,       .,5240,2120,       .,       .,       .,       .,2260,       .,1920,       .,100,       .,27.6,       .,       .,       .,       .,       .,       .,       .,0,0,0,10,795,0,130,335,80,75,155,20,1500,1295,205,670,830,       .,       .,35,1.4,1.4,1.1,1.4,18,204,184,20,         .,       .,3,1482,142,170,368
12405,BU05991853,Rotterdam                               ,Buurt     ,BU05991853,1,105,50,50,10,5,35,40,15,50,40,15,5,15,10,0,0,5,0,5,0,0,0,18,55,25,15,15,1.9,58,32,       .,50,50,63,38,31,66,0,66,3,100,0,3700,       .,       .,       .,       .,5490,       .,5240,2120,       .,       .,       .,       .,2260,       .,1920,       .,100,       .,27.6,       .,       .,       .,       .,       .,       .,       .,0,0,0,10,795,0,130,335,80,75,155,20,1500,1295,205,670,830,       .,       .,35,1.4,1.4,1.1,1.4,18,204,184,20,3044,1,3,1482,142,170,368
12406,WK059919  ,Rotterdam                               ,Wijk      ,WK059919  ,1,15,10,0,0,0,5,5,5,5,5,10,0,0,5,0,0,0,5,0,0,0,0,0,10,10,5,5,1.3,13,7,       .,       .,       .,       .,       .,       .,       .,       .,       .,       .,       .,       .,       .,       .,       .,       .,       .,       .,       .,       .,       .,       .,       .,       .,       .,       .,       .,       .,99.3,0,       .,       .,       .,       .,       .,       .,       .,       .,       .,       .,       .,       .,       .,360,0,35,85,45,30,130,35,190,120,70,90,100,       .,       .,0,0.9,0.9,1,1,26.4,207,123,84,         .,       .,1,2907,       .,       .,       .
12407,BU05991926,Rotterdam                               ,Buurt     ,BU05991926,1,15,10,0,0,0,5,5,5,5,5,10,0,0,5,0,0,0,5,0,0,0,0,0,10,10,5,5,1.3,13,7,       .,       .,       .,       .,       .,       .,       .,       .,       .,       .,       .,       .,       .,       .,       .,       .,       .,       .,       .,       .,       .,       .,       .,       .,       .,       .,       .,       .,99.3,0,       .,       .,       .,       .,       .,       .,       .,       .,       .,       .,       .,       .,       .,360,0,35,85,45,30,130,35,190,120,70,90,100,       .,       .,0,0.9,0.9,1,1,26.4,207,123,84,3029,1,1,2907,       .,       .,       .
12408,WK059921  ,Rotterdam                               ,Wijk      ,WK059921  ,1,30,15,10,5,0,10,15,5,20,10,5,0,0,0,0,0,0,0,0,0,31,0,0,20,15,5,5,1.5,4,38,       .,32,68,24,76,3,92,0,92,5,100,0,       .,       .,       .,       .,       .,       .,       .,       .,       .,       .,       .,       .,       .,       .,       .,       .,       .,0,       .,       .,       .,       .,       .,       .,       .,       .,       .,       .,       .,       .,       .,1085,0,150,185,530,80,110,30,795,605,190,360,435,       .,       .,10,       .,       .,       .,       .,       .,1501,907,593,         .,       .,4,622,       .,       .,       .
12409,BU05992194,Rotterdam                               ,Buurt     ,BU05992194,1,5,5,0,0,0,5,5,0,5,5,0,0,0,0,0,0,0,0,0,0,125,0,0,5,5,5,5,1.6,       .,16,       .,       .,       .,       .,       .,       .,       .,       .,       .,       .,       .,       .,       .,       .,       .,       .,       .,       .,       .,       .,       .,       .,       .,       .,       .,       .,       .,       .,       .,0,       .,       .,       .,       .,       .,       .,       .,       .,       .,       .,       .,       .,       .,560,0,70,60,340,25,50,15,225,170,50,90,130,       .,       .,5,       .,       .,       .,       .,       .,628,267,361,3087,4,3,1074,       .,       .,       .
12410,BU05992196,Rotterdam                               ,Buurt     ,BU05992196,1,20,10,10,0,0,5,10,5,10,10,5,0,0,0,0,0,0,0,0,0,0,0,0,10,10,5,5,1.6,5,8,       .,       .,       .,       .,       .,       .,       .,       .,       .,       .,       .,       .,       .,       .,       .,       .,       .,       .,       .,       .,       .,       .,       .,       .,       .,       .,       .,       .,       .,0,       .,       .,       .,       .,       .,       .,       .,       .,       .,       .,       .,       .,       .,115,0,15,25,40,15,10,10,145,115,30,75,65,       .,       .,5,       .,       .,       .,       .,       .,681,449,232,3089,2,5,350,       .,       .,       .
12411,BU05992198,Rotterdam                               ,Buurt     ,BU05992198,1,0,0,0,0,0,0,0,0,5,0,0,0,0,0,0,0,0,0,0,0,0,0,0,0,5,0,0,1,       .,14,       .,       .,       .,       .,       .,       .,       .,       .,       .,       .,       .,       .,       .,       .,       .,       .,       .,       .,       .,       .,       .,       .,       .,       .,       .,       .,       .,       .,       .,0,       .,       .,       .,       .,       .,       .,       .,       .,       .,       .,       .,       .,       .,410,0,65,95,155,40,50,10,430,320,110,190,235,       .,       .,0,       .,       .,       .,       .,       .,191,191,1,3088,1,5,374,       .,       .,       .
12412,WK059922  ,Rotterdam                               ,Wijk      ,WK059922  ,1,0,0,0,0,0,0,0,0,0,0,0,0,0,0,0,0,0,0,0,0,0,0,0,0,0,0,0,       .,       .,2,       .,       .,       .,       .,       .,       .,       .,       .,       .,       .,       .,       .,       .,       .,       .,       .,       .,       .,       .,       .,       .,       .,       .,       .,       .,       .,       .,       .,       .,0,       .,       .,       .,       .,       .,       .,       .,       .,       .,       .,       .,       .,       .,45,0,15,5,10,5,10,0,40,30,10,10,30,       .,       .,0,       .,       .,       .,       .,       .,951,722,229,         .,       .,5,208,,,
12413,BU05992295,Rotterdam                               ,Buurt     ,BU05992295,1,0,0,0,0,0,0,0,0,0,0,0,0,0,0,0,0,0,0,0,0,0,0,0,0,0,0,0,       .,       .,2,       .,       .,       .,       .,       .,       .,       .,       .,       .,       .,       .,       .,       .,       .,       .,       .,       .,       .,       .,       .,       .,       .,       .,       .,       .,       .,       .,       .,       .,0,       .,       .,       .,       .,       .,       .,       .,       .,       .,       .,       .,       .,       .,45,0,15,5,10,5,10,0,40,30,10,10,30,       .,       .,0,       .,       .,       .,       .,       .,951,722,229,3196,1,5,208,,,
12414,WK059923  ,Rotterdam                               ,Wijk      ,WK059923  ,1,0,0,0,0,0,0,5,0,0,5,0,0,0,0,0,0,0,0,0,0,0,0,0,0,0,5,0,2,       .,5,       .,       .,       .,       .,       .,       .,       .,       .,       .,       .,       .,       .,       .,       .,       .,       .,       .,       .,       .,       .,       .,       .,       .,       .,       .,       .,       .,       .,       .,0,       .,       .,       .,       .,       .,       .,       .,       .,       .,       .,       .,       .,       .,325,0,90,65,115,15,45,0,315,260,55,115,195,       .,       .,5,       .,       .,       .,       .,       .,10417,6495,3922,         .,       .,5,57,       .,       .,       .
12415,BU05992306,Rotterdam                               ,Buurt     ,BU05992306,1,0,0,0,0,0,0,0,0,0,5,0,0,0,0,0,0,0,0,0,0,0,0,0,0,0,5,0,2,       .,3,       .,       .,       .,       .,       .,       .,       .,       .,       .,       .,       .,       .,       .,       .,       .,       .,       .,       .,       .,       .,       .,       .,       .,       .,       .,       .,       .,       .,       .,0,       .,       .,       .,       .,       .,       .,       .,       .,       .,       .,       .,       .,       .,185,0,55,35,65,10,25,0,180,150,30,70,110,       .,       .,5,       .,       .,       .,       .,       .,2473,1628,845,3197,1,5,111,       .,       .,       .
12416,BU05992307,Rotterdam                               ,Buurt     ,BU05992307,1,0,0,0,0,0,0,0,0,0,5,0,0,0,0,0,0,0,0,0,0,0,0,0,0,0,5,0,2,       .,2,       .,       .,       .,       .,       .,       .,       .,       .,       .,       .,       .,       .,       .,       .,       .,       .,       .,       .,       .,       .,       .,       .,       .,       .,       .,       .,       .,       .,       .,0,       .,       .,       .,       .,       .,       .,       .,       .,       .,       .,       .,       .,       .,95,0,25,20,25,5,15,0,75,60,20,40,35,       .,       .,0,       .,       .,       .,       .,       .,3404,1830,1574,3198,1,5,19,       .,       .,       .
12417,BU05992308,Rotterdam                               ,Buurt     ,BU05992308,1,0,0,0,0,0,0,0,0,0,0,0,0,0,0,0,0,0,0,0,0,0,0,0,0,0,0,0,       .,       .,0,       .,       .,       .,       .,       .,       .,       .,       .,       .,       .,       .,       .,       .,       .,       .,       .,       .,       .,       .,       .,       .,       .,       .,       .,       .,       .,       .,       .,       .,0,       .,       .,       .,       .,       .,       .,       .,       .,       .,       .,       .,       .,       .,45,0,10,10,20,5,5,0,55,50,5,5,50,       .,       .,0,       .,       .,       .,       .,       .,4541,3037,1504,3199,1,5,7,,,
12418,WK059924  ,Rotterdam                               ,Wijk      ,WK059924  ,1,15,10,5,0,5,10,5,0,20,0,5,0,0,0,0,0,0,0,0,0,0,0,0,15,15,5,0,1.1,17,1,       .,       .,       .,       .,       .,       .,       .,       .,       .,       .,       .,       .,       .,       .,       .,       .,       .,       .,       .,       .,       .,       .,       .,       .,       .,       .,       .,       .,       .,0,       .,       .,       .,       .,       .,       .,       .,       .,       .,       .,       .,       .,       .,625,0,85,235,80,60,150,15,625,465,160,230,395,       .,       .,10,2.5,2.6,2.2,2,2.1,116,111,6,         .,       .,4,523,       .,       .,       .
12419,BU05992459,Rotterdam                               ,Buurt     ,BU05992459,1,15,10,5,0,5,10,5,0,20,0,5,0,0,0,0,0,0,0,0,0,0,0,0,15,15,5,0,1.1,17,1,       .,       .,       .,       .,       .,       .,       .,       .,       .,       .,       .,       .,       .,       .,       .,       .,       .,       .,       .,       .,       .,       .,       .,       .,       .,       .,       .,       .,       .,0,       .,       .,       .,       .,       .,       .,       .,       .,       .,       .,       .,       .,       .,625,0,85,235,80,60,150,15,625,465,160,230,395,       .,       .,10,2.5,2.6,2.2,2,2.1,116,111,6,3047,1,4,523,       .,       .,       .
12420,WK059925  ,Rotterdam                               ,Wijk      ,WK059925  ,1,0,0,0,0,0,0,0,0,0,0,0,0,0,0,0,0,0,0,0,0,0,0,0,0,0,0,0,       .,       .,0,       .,       .,       .,       .,       .,       .,       .,       .,       .,       .,       .,       .,       .,       .,       .,       .,       .,       .,       .,       .,       .,       .,       .,       .,       .,       .,       .,       .,       .,0,       .,       .,       .,       .,       .,       .,       .,       .,       .,       .,       .,       .,       .,40,0,0,5,10,10,20,0,20,15,5,5,10,       .,       .,0,       .,       .,       .,       .,       .,12,10,2,         .,       .,4,987,,,
12421,BU05992540,Rotterdam                               ,Buurt     ,BU05992540,1,0,0,0,0,0,0,0,0,0,0,0,0,0,0,0,0,0,0,0,0,0,0,0,0,0,0,0,       .,       .,0,       .,       .,       .,       .,       .,       .,       .,       .,       .,       .,       .,       .,       .,       .,       .,       .,       .,       .,       .,       .,       .,       .,       .,       .,       .,       .,       .,       .,       .,0,       .,       .,       .,       .,       .,       .,       .,       .,       .,       .,       .,       .,       .,40,0,0,5,10,10,20,0,20,15,5,5,10,       .,       .,0,       .,       .,       .,       .,       .,12,10,2,3065,1,4,987,,,
12422,WK059926  ,Rotterdam                               ,Wijk      ,WK059926  ,1,0,0,0,0,0,0,0,0,0,0,0,0,0,0,0,0,0,0,0,0,0,0,0,0,0,0,0,       .,       .,0,       .,       .,       .,       .,       .,       .,       .,       .,       .,       .,       .,       .,       .,       .,       .,       .,       .,       .,       .,       .,       .,       .,       .,       .,       .,       .,       .,       .,       .,0,       .,       .,       .,       .,       .,       .,       .,       .,       .,       .,       .,       .,       .,       .,       .,       .,       .,       .,       .,       .,       .,0,0,0,0,0,       .,       .,0,       .,       .,       .,       .,       .,152,152,0,         .,       .,5,34,,,
12423,BU05992650,Rotterdam                               ,Buurt     ,BU05992650,1,0,0,0,0,0,0,0,0,0,0,0,0,0,0,0,0,0,0,0,0,0,0,0,0,0,0,0,       .,       .,0,       .,       .,       .,       .,       .,       .,       .,       .,       .,       .,       .,       .,       .,       .,       .,       .,       .,       .,       .,       .,       .,       .,       .,       .,       .,       .,       .,       .,       .,0,       .,       .,       .,       .,       .,       .,       .,       .,       .,       .,       .,       .,       .,       .,       .,       .,       .,       .,       .,       .,       .,0,0,0,0,0,       .,       .,0,       .,       .,       .,       .,       .,152,152,0,3046,1,5,34,,,
12424,WK059927  ,Rotterdam                               ,Wijk      ,WK059927  ,1,12365,6110,6255,1940,1395,2790,3570,2670,5150,5425,1100,695,1275,1310,70,255,185,265,530,90,7,110,9,5655,1910,1810,1940,2.2,2735,5776,158,66,34,96,4,54,46,41,5,0,93,7,2950,2570,3040,3160,3810,3970,2540,3300,1080,770,1130,1330,1580,2000,920,1210,       .,9800,31.7,25.3,38.1,22,58,36.4,17.8,6.4,5.9,320,460,250,2570,540,5,110,135,40,40,120,90,5700,1865,3835,5135,560,1,1260,490,1.2,0.5,0.6,0.7,4,650,452,198,         .,       .,3,1203,3,4,6
12425,BU05992704,Rotterdam                               ,Buurt     ,BU05992704,1,12365,6110,6255,1940,1395,2790,3570,2670,5150,5425,1100,695,1275,1310,70,255,185,265,530,90,7,110,9,5655,1910,1810,1940,2.2,3810,5776,158,66,34,96,4,54,46,41,5,0,93,7,2950,2570,3040,3160,3810,3970,2540,3300,1080,770,1130,1330,1580,2000,920,1210,       .,9800,31.7,25.3,38.1,22,58,36.4,17.8,6.4,5.9,320,460,250,2570,540,5,110,135,40,40,120,90,5700,1865,3835,5135,560,1,1755,490,1.2,0.5,0.6,0.7,4,411,325,86,3181,1,3,1203,3,4,6
12426,BU05992705,Rotterdam                               ,Buurt     ,BU05992705,1,0,0,0,0,0,0,0,0,0,0,0,0,0,0,0,0,0,0,0,0,0,0,0,0,0,0,0,       .,       .,0,       .,       .,       .,       .,       .,       .,       .,       .,       .,       .,       .,       .,       .,       .,       .,       .,       .,       .,       .,       .,       .,       .,       .,       .,       .,       .,       .,       .,       .,0,       .,       .,       .,       .,       .,       .,       .,       .,       .,       .,       .,       .,       .,0,       .,       .,       .,       .,       .,       .,       .,0,0,0,0,0,       .,       .,0,       .,       .,       .,       .,       .,239,128,111,3181,1,5,86,,,
